Student_ID,Branch,Python_Score,SQL_Score,Aptitude_Score,Communication_Score,Projects_Completed,Mock_Interviews_Attended
S0001,ECE,46,53,39,37,2,0
S0002,CSE,59,66,69,31,2,1
S0003,IT,69,82,38,46,1,4
S0004,CSE,78,85,99,52,6,5
S0005,ECE,55,65,61,40,4,5
S0006,CSE,65,50,76,57,2,6
S0007,CSE,56,84,48,62,3,5
S0008,IT,55,64,61,42,3,0
S0009,ECE,74,56,72,76,4,7
S0010,ECE,54,55,31,66,2,5
S0011,CSE,68,83,80,72,2,3
S0012,IT,64,74,45,47,3,4
S0013,CSE,30,7,25,17,1,1
S0014,IT,73,100,86,54,3,4
S0015,MECH,69,81,62,49,3,1
S0016,IT,74,72,60,37,4,2
S0017,CSE,79,74,41,50,3,6
S0018,CSE,83,93,82,55,1,1
S0019,ECE,42,39,70,38,4,3
S0020,IT,53,54,42,42,4,5
S0021,ECE,95,84,92,79,6,6
S0022,CSE,64,54,52,18,1,5
S0023,ECE,66,76,49,48,3,3
S0024,CSE,71,33,34,19,2,3
S0025,ECE,55,74,55,73,3,3
S0026,CSE,59,54,60,28,0,4
S0027,CSE,72,65,55,28,4,6
S0028,MECH,32,31,40,24,0,1
S0029,IT,64,71,58,49,3,1
S0030,IT,65,69,71,30,2,4
S0031,IT,94,72,78,45,5,6
S0032,ECE,80,77,63,69,2,4
S0033,CSE,66,60,41,33,3,2
S0034,ECE,80,70,63,80,4,7
S0035,ECE,64,82,88,62,3,4
S0036,CSE,70,46,34,51,2,3
S0037,ECE,38,48,49,49,2,1
S0038,CSE,61,82,64,44,3,7
S0039,CSE,80,90,100,61,5,2
S0040,CSE,82,65,81,94,6,1
S0041,CSE,71,75,92,61,4,4
S0042,CSE,33,37,25,11,3,0
S0043,CSE,100,100,70,99,2,6
S0044,CSE,46,44,36,13,3,4
S0045,ECE,48,29,67,56,1,4
S0046,CSE,74,80,56,80,2,6
S0047,CSE,71,70,60,33,3,6
S0048,ECE,85,65,100,71,4,0
S0049,CSE,88,82,72,60,1,6
S0050,CSE,64,61,76,44,4,2
S0051,MECH,27,41,6,4,2,1
S0052,CSE,46,54,50,46,4,2
S0053,IT,61,54,60,49,2,3
S0054,ECE,40,56,12,17,0,1
S0055,CSE,51,49,71,32,2,1
S0056,CSE,54,51,41,54,1,1
S0057,ECE,74,61,60,43,3,2
S0058,CSE,53,49,50,31,2,3
S0059,CSE,66,84,67,49,3,6
S0060,ECE,53,55,50,56,1,4
S0061,ECE,17,35,61,8,2,0
S0062,ECE,50,47,59,0,2,5
S0063,ECE,16,33,45,13,0,2
S0064,CSE,92,79,81,64,2,3
S0065,CSE,64,67,38,56,0,1
S0066,ECE,31,25,24,19,0,2
S0067,ECE,61,51,83,58,4,5
S0068,IT,67,61,65,58,1,3
S0069,ECE,63,46,63,46,1,2
S0070,CSE,97,78,88,89,1,5
S0071,ECE,36,47,44,58,3,6
S0072,ECE,39,28,48,24,3,4
S0073,CSE,53,63,33,13,3,2
S0074,ECE,38,57,59,21,1,0
S0075,IT,79,73,62,64,2,3
S0076,CSE,82,52,55,61,4,5
S0077,CSE,78,75,82,74,2,5
S0078,CSE,69,80,39,83,5,4
S0079,CSE,51,57,38,45,3,4
S0080,CSE,57,56,58,44,2,3
S0081,IT,36,46,62,25,1,5
S0082,CSE,79,73,60,56,6,3
S0083,ECE,71,95,100,82,5,6
S0084,IT,86,100,45,53,2,7
S0085,IT,83,67,59,78,4,3
S0086,CSE,51,51,61,7,3,6
S0087,CSE,83,100,93,64,5,2
S0088,IT,78,74,77,33,2,3
S0089,ECE,26,64,43,36,3,4
S0090,ECE,41,28,27,12,3,0
S0091,MECH,80,74,77,52,5,3
S0092,IT,75,78,70,55,5,7
S0093,IT,67,72,74,70,0,1
S0094,CSE,100,65,96,71,5,5
S0095,IT,49,56,54,64,4,2
S0096,IT,71,84,43,53,3,2
S0097,ECE,78,71,76,72,5,5
S0098,ECE,25,35,23,16,2,4
S0099,ECE,86,66,78,59,3,3
S0100,CSE,69,67,52,39,3,2
S0101,IT,76,92,58,59,3,4
S0102,CSE,59,59,69,41,3,5
S0103,CSE,39,52,65,16,0,3
S0104,CSE,57,64,53,39,2,6
S0105,CSE,60,45,46,34,5,3
S0106,CSE,52,41,44,34,2,2
S0107,CSE,74,93,44,49,2,5
S0108,CSE,63,45,52,40,3,2
S0109,CSE,42,84,40,27,4,4
S0110,ECE,42,56,70,62,2,5
S0111,CSE,44,51,38,2,3,3
S0112,MECH,61,14,26,22,2,0
S0113,ECE,32,56,25,20,3,4
S0114,MECH,42,49,70,60,4,5
S0115,ECE,63,63,45,47,2,6
S0116,MECH,75,75,80,72,4,3
S0117,CSE,57,54,51,53,2,4
S0118,MECH,54,76,78,62,0,4
S0119,CSE,95,74,83,86,3,2
S0120,IT,81,85,80,53,1,3
