insta_min,whatsapp_min,youtube_min,udemy_min,shorts_watch
144,55,311,280,258
172,134,588,119,462
62,60,125,253,268
547,57,233,588,459
255,489,314,36,193
462,378,314,189,250
374,134,124,419,129
397,382,300,74,500
579,157,417,110,595
330,400,226,101,76
263,326,111,268,133
419,314,494,403,196
409,393,244,303,103
205,576,280,197,503
418,306,600,254,362
87,264,62,353,440
304,97,246,352,247
541,435,499,176,301
172,282,581,299,468
438,400,254,171,551
535,123,78,142,186
193,462,95,424,420
509,571,287,596,41
147,579,303,378,144
330,475,191,494,33
299,542,212,549,138
335,549,233,186,412
195,582,573,30,361
530,49,144,401,344
275,89,276,110,117
