,Date,Instagram_Minutes,YouTube_Minutes,WhatsApp_Minutes,LinkedIn_Minutes,Reels_Watched,Videos_Watched,Messages_Sent,Posts_Liked,Study_Minutes,Total_Screen_Time,Screen_Hours,Digital_Balance,Day_Type
0,23-08-2026,99,122,36,10,75,29,71,21,114,267,4.45,0.42696629213483145,normal
1,24-08-2026,36,187,29,44,40,35,50,8,248,296,4.933333333333334,0.8378378378378378,normal
2,25-08-2026,49,73,159,47,31,21,349,19,154,328,5.466666666666667,0.4695121951219512,Heavy
3,26-08-2026,113,20,168,25,136,4,481,44,307,326,5.433333333333334,0.941717791411043,Heavy
4,27-08-2026,42,107,132,17,56,16,432,30,259,298,4.966666666666667,0.8691275167785235,normal
5,28-08-2026,82,55,33,24,97,21,98,57,193,194,3.2333333333333334,0.9948453608247423,normal
6,29-08-2026,195,191,48,15,196,57,121,111,5,449,7.483333333333333,0.011135857461024499,Heavy
7,30-08-2026,103,249,156,16,84,94,536,41,49,524,8.733333333333333,0.09351145038167939,Heavy
8,31-08-2026,57,70,74,65,42,14,115,11,190,266,4.433333333333334,0.7142857142857143,normal
9,01-09-2026,38,121,125,20,49,45,195,26,276,304,5.066666666666666,0.9078947368421053,Heavy
10,02-09-2026,73,39,150,57,79,7,443,44,216,319,5.316666666666666,0.677115987460815,Heavy
11,03-09-2026,61,126,170,68,49,33,373,25,191,425,7.083333333333333,0.44941176470588234,Heavy
12,04-09-2026,33,97,160,26,20,29,405,11,187,316,5.266666666666667,0.5917721518987342,Heavy
13,05-09-2026,91,138,113,5,59,40,220,32,111,347,5.783333333333333,0.31988472622478387,Heavy
14,06-09-2026,234,295,45,30,153,58,114,94,126,604,10.066666666666666,0.20860927152317882,Heavy
15,07-09-2026,167,84,49,32,221,26,165,99,327,332,5.533333333333333,0.9849397590361446,Heavy
16,08-09-2026,166,202,43,9,102,85,71,22,79,420,7.0,0.1880952380952381,Heavy
17,09-09-2026,74,143,61,70,95,54,137,44,100,348,5.8,0.28735632183908044,Heavy
18,10-09-2026,72,149,84,45,51,66,178,22,335,350,5.833333333333333,0.9571428571428572,Heavy
19,11-09-2026,31,164,26,73,31,38,48,11,200,294,4.9,0.6802721088435374,normal
20,12-09-2026,145,162,113,2,198,26,367,75,111,422,7.033333333333333,0.26303317535545023,Heavy
21,13-09-2026,129,87,171,30,140,20,478,97,96,417,6.95,0.2302158273381295,Heavy
22,14-09-2026,72,122,85,72,55,40,173,20,120,351,5.85,0.3418803418803419,Heavy
23,15-09-2026,154,185,96,15,147,69,216,56,90,450,7.5,0.2,Heavy
24,16-09-2026,53,30,47,23,46,13,162,26,160,153,2.55,1.0457516339869282,normal
25,17-09-2026,175,119,29,1,213,21,96,95,98,324,5.4,0.30246913580246915,Heavy
26,18-09-2026,75,112,43,3,83,23,71,54,108,233,3.8833333333333333,0.463519313304721,normal
27,19-09-2026,215,144,43,27,194,63,104,122,12,429,7.15,0.027972027972027972,Heavy
28,20-09-2026,150,94,142,10,146,37,323,101,87,396,6.6,0.2196969696969697,Heavy
29,21-09-2026,56,71,90,24,49,27,278,20,51,241,4.016666666666667,0.21161825726141079,normal
